작성자,작성일자,내용,태그,리트윗수,마음수,조회수
굿즈수집가,2025-09-02 18:00,오늘 다꾸는 마이멜로디 스티커로 꾸몄다! 핑크핑크해서 마음에 들어.,#산리오일상 #다꾸,92,79,5146
산리오남캐,2025-08-30 6:39,갖고 싶은 마음이 상대적으로 줄어든다. 어차피 조금만 기다리면 다른 콜라보 또 할 텐데 뭐.,#산리오콜라보 #콜라보피로감 #질린다,82,174,5828
폼폼푸린귀여워,2025-08-17 22:08,"산리오랑 화장품 브랜드 콜라보, 패키지가 너무 예뻐서 안 살 수가 없었음.",#산리오콜라보 #스파오산리오,71,171,1376
폼폼푸린귀여워,2025-08-15 5:06,"팝업 한정 굿즈, 오픈런했는데 눈앞에서 품절됨... 허탈하다.",#산리오신상 #산리오팝업 #산리오카페,56,325,4908
다꾸러,2025-08-13 3:06,그만 좀 물리고 싶다... 차라리 그 시간에 공식 신상 퀄리티나 높여줘.,#산리오콜라보 #콜라보피로감,1623,1293,186116
팝업헌터,2025-08-12 0:35,최애 캐릭터가 콜라보에 포함되면 그렇게 기분이 좋더라.,#산리오콜라보 #스파오산리오 #CU산리오,4,435,4072
산리오카페,2025-08-10 20:15,또 편의점 콜라보? 디자인만 살짝 바꿔서 계속 내니까 질린다 진짜.,#산리오콜라보 #콜라보피로감 #질린다,3,431,3214
쿠로미단,2025-08-10 16:43,친구들이랑 각자 최애캐 투표 인증하기로 함 ㅋㅋ,#산리오캐릭터대상 #산리오총선,32,46,465
다꾸러,2025-08-06 0:59,스파오랑 산리오 콜라보 잠옷 또 나왔네! 이번엔 시나모롤이다! 당장 사러감.,#산리오콜라보 #스파오산리오,450,5299,69261
쿠로미단,2025-08-03 1:17,친구들이랑 각자 최애캐 투표 인증하기로 함 ㅋㅋ,#산리오캐릭터대상 #산리오총선,33,378,2359
마이멜로디맘,2025-08-01 22:17,그만 좀 물리고 싶다... 차라리 그 시간에 공식 신상 퀄리티나 높여줘.,#산리오콜라보 #콜라보피로감 #질린다,20,273,1950
키덜트,2025-07-31 11:28,오늘 다꾸는 마이멜로디 스티커로 꾸몄다! 핑크핑크해서 마음에 들어.,#산리오일상 #다꾸 #키덜트그램,56,224,2339
산리오콜라보,2025-07-26 8:14,인생네컷 산리오 프레임으로 찍었는데 진짜 귀엽게 나온다. 기간 한정이라 아쉬워.,#산리오콜라보 #스파오산리오,0,160,4411
산리오덕후,2025-07-19 16:27,"산리오랑 화장품 브랜드 콜라보, 패키지가 너무 예뻐서 안 살 수가 없었음.",#산리오콜라보 #스파오산리오 #CU산리오,75,361,4608
쿠로미단,2025-06-16 23:14,온라인으로 주문한 신상 파우치 도착! 생각보다 크고 수납도 넉넉해서 만족.,#산리오신상 #산리오팝업 #산리오카페,63,158,5147
산리오덕후,2025-06-01 10:36,요즘 산리오 콜라보 너무 남발하는 거 아니냐... 이제 봐도 별 감흥이 없음.,#산리오콜라보 #콜라보피로감,75,481,8467
팝업헌터,2025-05-21 16:27,스트레스 받을 때 폼폼푸린 말랑 인형 만지고 있으면 마음이 편안해져...,#산리오일상 #다꾸 #키덜트그램,48,361,1418
시나모롤조아,2025-05-20 17:43,이디야 산리오 콜라보 음료 마시고 받은 쿠로미 스트로우... 너무 귀여워서 못 쓰겠어.,#산리오콜라보 #스파오산리오 #CU산리오,52,383,1189
산리오덕후,2025-04-19 2:03,산리오 팝업 카페 웨이팅 2시간째... 그래도 신메뉴랑 특전 포카 생각하면 참을 수 있어.,#산리오신상 #산리오팝업,54,201,9378
산리오콜라보,2025-04-02 12:26,"팝업 한정 굿즈, 오픈런했는데 눈앞에서 품절됨... 허탈하다.",#산리오신상 #산리오팝업,59,418,8938
마이멜로디맘,2025-03-29 0:57,온라인으로 주문한 신상 파우치 도착! 생각보다 크고 수납도 넉넉해서 만족.,#산리오신상 #산리오팝업,6,148,10063
쿠로미마이멜로디,2025-03-27 2:30,그만 좀 물리고 싶다... 차라리 그 시간에 공식 신상 퀄리티나 높여줘.,#산리오콜라보 #콜라보피로감,71,424,746
헬로키티근본,2025-03-22 9:14,온라인으로 주문한 신상 파우치 도착! 생각보다 크고 수납도 넉넉해서 만족.,#산리오신상 #산리오팝업,507,1890,30622
시나모롤1위기원,2025-03-17 8:22,"예전엔 콜라보 소식 뜨면 설렜는데, 이젠 '이번엔 어디야?' 하고 무덤덤해짐.",#산리오콜라보 #콜라보피로감 #질린다,19,17,5961
산리오남캐,2025-03-12 11:32,역시 믿고 사는 산리오 콜라보. 이번에도 디자인 잘 뽑았네.,#산리오콜라보 #스파오산리오 #CU산리오,71,475,5398
키덜트,2025-02-22 15:55,"예전엔 콜라보 소식 뜨면 설렜는데, 이젠 '이번엔 어디야?' 하고 무덤덤해짐.",#산리오콜라보 #콜라보피로감,21,324,2613
시나모롤1위기원,2025-02-13 11:20,신인 캐릭터 '누룽지' 생각보다 선방하고 있네. 귀엽긴 하지.,#산리오캐릭터대상 #산리오총선,81,152,3975
헬로키티근본,2025-02-10 6:53,팝업 카페 포토존 너무 예쁘게 꾸며놔서 인생샷 건지고 옴.,#산리오신상 #산리오팝업 #산리오카페,64,352,4833
헬로키티근본,2025-02-06 12:33,갖고 싶은 마음이 상대적으로 줄어든다. 어차피 조금만 기다리면 다른 콜라보 또 할 텐데 뭐.,#산리오콜라보 #콜라보피로감,33,29,7823
산리오남캐,2025-02-05 16:17,갖고 싶은 마음이 상대적으로 줄어든다. 어차피 조금만 기다리면 다른 콜라보 또 할 텐데 뭐.,#산리오콜라보 #콜라보피로감,23,275,1948
산리오덕후,2024-12-26 19:48,그만 좀 물리고 싶다... 차라리 그 시간에 공식 신상 퀄리티나 높여줘.,#산리오콜라보 #콜라보피로감,82,181,7202
산리오콜라보,2024-12-14 3:12,역시 믿고 사는 산리오 콜라보. 이번에도 디자인 잘 뽑았네.,#산리오콜라보 #스파오산리오,24,94,5589
리틀트윈스타,2024-11-16 8:54,"산리오 신상 나올 때마다 느끼는 건데, 내 지갑은 왜 하나일까.",#산리오신상 #산리오팝업,38,236,2468
산리오남캐,2024-11-05 0:06,친구들이랑 각자 최애캐 투표 인증하기로 함 ㅋㅋ,#산리오캐릭터대상 #산리오총선,71,279,4945
팝업헌터,2024-10-29 18:15,또 편의점 콜라보? 디자인만 살짝 바꿔서 계속 내니까 질린다 진짜.,#산리오콜라보 #콜라보피로감 #질린다,6,126,5966
산리오콜라보,2024-10-17 0:25,역시 믿고 사는 산리오 콜라보. 이번에도 디자인 잘 뽑았네.,#산리오콜라보 #스파오산리오,28,254,3075
키덜트,2024-10-02 15:24,친구들이랑 각자 최애캐 투표 인증하기로 함 ㅋㅋ,#산리오캐릭터대상 #산리오총선,37,363,7057
쿠로미단,2024-10-01 8:11,"이번 신상 테마, '잠옷 파티'라니... 컨셉 장인들 진짜.",#산리오신상 #산리오팝업 #산리오카페,69,229,4435
마멜파,2024-09-29 9:58,"작년 1위 시나모롤, 2위 폼폼푸린, 3위 쿠로미... 올해는 순위 변동 있을까?",#산리오캐릭터대상 #산리오총선,49,274,1126
팝업헌터,2024-09-29 0:00,내 통장은 산리오가 먹여 살리는 중. 월급의 절반이 산리오에게로.,#산리오일상 #다꾸,92,450,1878
리틀트윈스타,2024-09-28 9:37,이제 산리오 콜라보는 '또 나왔네' 수준... 지갑 열기가 망설여짐.,#산리오콜라보 #콜라보피로감 #질린다,57,87,3611
산리오콜라보,2024-09-24 1:21,또 편의점 콜라보? 디자인만 살짝 바꿔서 계속 내니까 질린다 진짜.,#산리오콜라보 #콜라보피로감,70,3,9648
쿠로미파,2024-09-18 14:31,인생네컷 산리오 프레임으로 찍었는데 진짜 귀엽게 나온다. 기간 한정이라 아쉬워.,#산리오콜라보 #스파오산리오,69,319,6087
포차코,2024-09-14 1:15,역시 믿고 사는 산리오 콜라보. 이번에도 디자인 잘 뽑았네.,#산리오콜라보 #스파오산리오,47,89,3876
쿠로미파,2024-09-06 22:41,이디야 산리오 콜라보 음료 마시고 받은 쿠로미 스트로우... 너무 귀여워서 못 쓰겠어.,#산리오콜라보 #스파오산리오,6,398,731
마이멜로디맘,2024-08-30 19:08,"산리오랑 화장품 브랜드 콜라보, 패키지가 너무 예뻐서 안 살 수가 없었음.",#산리오콜라보 #스파오산리오 #CU산리오,41,157,2812
산리오남캐,2024-08-21 4:23,콜라보 소식 뜰 때마다 어떤 제품 나올지 기대하는 재미가 있음.,#산리오콜라보 #스파오산리오,94,362,5544
포차코,2024-08-06 11:17,"작년 1위 시나모롤, 2위 폼폼푸린, 3위 쿠로미... 올해는 순위 변동 있을까?",#산리오캐릭터대상 #산리오총선,19,199,4827
다꾸러,2024-08-03 8:48,갖고 싶은 마음이 상대적으로 줄어든다. 어차피 조금만 기다리면 다른 콜라보 또 할 텐데 뭐.,#산리오콜라보 #콜라보피로감 #질린다,8,352,10053
포차코,2024-07-28 5:05,"팝업 한정 굿즈, 오픈런했는데 눈앞에서 품절됨... 허탈하다.",#산리오신상 #산리오팝업,988,2872,96115
쿠로미단,2024-07-24 20:56,색다른 느낌이 없어. 맨날 똑같은 캐릭터에 똑같은 제품군... 좀 신선한 것 좀 해봐.,#산리오콜라보 #콜라보피로감,67,113,147
시나모롤조아,2024-07-03 3:41,요즘 산리오 콜라보 너무 남발하는 거 아니냐... 이제 봐도 별 감흥이 없음.,#산리오콜라보 #콜라보피로감 #질린다,14,36,472
폼폼푸린귀여워,2024-07-02 22:07,이번에 나온 마법소녀 컨셉 신상 인형 디자인 미쳤다... 파스텔톤 색감 대박.,#산리오신상 #산리오팝업,381,4465,34528
산리오인기투표,2024-06-17 22:57,"팝업 한정 굿즈, 오픈런했는데 눈앞에서 품절됨... 허탈하다.",#산리오신상 #산리오팝업,43,130,7903
산리오콜라보,2024-06-17 19:03,시나모롤 5연패 할 수 있을까? 올해는 좀 쟁쟁한 듯.,#산리오캐릭터대상 #산리오총선 #쿠로미,69,113,548
팝업헌터,2024-06-11 8:35,폼폼푸린한테 전재산 투표 완료! 제발 TOP3 안에만 들어줘 ㅠㅠ,#산리오캐릭터대상 #산리오총선,63,203,1661
산리오카페,2024-05-28 22:06,"올해 산리오 캐릭터 대상, 우리 쿠로미 1위 가자! 매일 투표 중.",#산리오캐릭터대상 #산리오총선 #쿠로미,86,366,855
폼폼푸린귀여워,2024-04-05 21:08,"예전엔 콜라보 소식 뜨면 설렜는데, 이젠 '이번엔 어디야?' 하고 무덤덤해짐.",#산리오콜라보 #콜라보피로감,0,160,7487
산리오인기투표,2024-03-31 1:57,"랜덤 아크릴 스탠드, 최애 뽑으려고 5개 샀는데 과연 결과는?",#산리오신상 #산리오팝업,1782,4866,73614
리틀트윈스타,2024-03-20 4:15,요즘 산리오 콜라보 너무 남발하는 거 아니냐... 이제 봐도 별 감흥이 없음.,#산리오콜라보 #콜라보피로감 #질린다,58,499,8436
폼폼푸린귀여워,2024-03-19 5:59,이번 콜라보 퀄리티 괜찮네. 캐릭터 프린팅도 선명하고 마감도 좋음.,#산리오콜라보 #스파오산리오 #CU산리오,55,455,8022
쿠로미파,2024-02-29 23:34,"산리오 신상 나올 때마다 느끼는 건데, 내 지갑은 왜 하나일까.",#산리오신상 #산리오팝업 #산리오카페,14,337,7743
산리오남캐,2024-02-21 19:22,"랜덤 아크릴 스탠드, 최애 뽑으려고 5개 샀는데 과연 결과는?",#산리오신상 #산리오팝업,86,98,338
시나모롤조아,2024-02-18 16:48,신인 캐릭터 '누룽지' 생각보다 선방하고 있네. 귀엽긴 하지.,#산리오캐릭터대상 #산리오총선 #쿠로미,27,402,8284
시나모롤조아,2024-02-15 14:57,"올해 산리오 캐릭터 대상, 우리 쿠로미 1위 가자! 매일 투표 중.",#산리오캐릭터대상 #산리오총선,14,478,7216
굿즈수집가,2024-01-12 2:39,제품 퀄리티는 신경 안 쓰고 캐릭터 얼굴만 박아서 파는 것 같아 실망스러울 때가 많음.,#산리오콜라보 #콜라보피로감,1042,3426,25799
산리오카페,2024-01-09 15:52,지하철에서 나랑 똑같은 쿠로미 키링 단 사람 발견하고 속으로 내적 친목함.,#산리오일상 #다꾸,85,159,8831
쿠로미마이멜로디,2024-01-02 7:43,"올해 산리오 캐릭터 대상, 우리 쿠로미 1위 가자! 매일 투표 중.",#산리오캐릭터대상 #산리오총선 #쿠로미,3,341,855
쿠로미마이멜로디,2023-12-27 14:21,"산리오 신상 나올 때마다 느끼는 건데, 내 지갑은 왜 하나일까.",#산리오신상 #산리오팝업 #산리오카페,34,283,3390
산리오남캐,2023-12-07 1:45,회사 책상 위를 쿠로미 굿즈로 꾸몄더니 일할 맛 난다. 소소한 행복.,#산리오일상 #다꾸,590,1155,42804
폼폼푸린귀여워,2023-12-02 9:05,그만 좀 물리고 싶다... 차라리 그 시간에 공식 신상 퀄리티나 높여줘.,#산리오콜라보 #콜라보피로감 #질린다,31,180,6383
쿠로미단,2023-11-17 18:29,"이번 신상 테마, '잠옷 파티'라니... 컨셉 장인들 진짜.",#산리오신상 #산리오팝업,50,255,2185
헬로키티근본,2023-11-17 10:01,"예전엔 콜라보 소식 뜨면 설렜는데, 이젠 '이번엔 어디야?' 하고 무덤덤해짐.",#산리오콜라보 #콜라보피로감 #질린다,28,183,7103
헬로키티근본,2023-11-15 15:29,"홍대 산리오 팝업스토어, 이번 주말에 사람 터질 것 같은데 평일에 가야겠다.",#산리오신상 #산리오팝업,98,496,3342
굿즈수집가,2023-10-18 20:43,제품 퀄리티는 신경 안 쓰고 캐릭터 얼굴만 박아서 파는 것 같아 실망스러울 때가 많음.,#산리오콜라보 #콜라보피로감,85,45,6744
산리오인기투표,2023-10-15 13:39,산리오 팝업 카페 웨이팅 2시간째... 그래도 신메뉴랑 특전 포카 생각하면 참을 수 있어.,#산리오신상 #산리오팝업 #산리오카페,51,319,6849
포차코,2023-10-10 16:12,신인 캐릭터 '누룽지' 생각보다 선방하고 있네. 귀엽긴 하지.,#산리오캐릭터대상 #산리오총선,32,444,7619
팝업헌터,2023-09-30 2:23,오늘의 OOTD: 스파오에서 산 시나모롤 티셔츠.,#산리오일상 #다꾸 #키덜트그램,17,414,3601
쿠로미마이멜로디,2023-09-09 10:16,그만 좀 물리고 싶다... 차라리 그 시간에 공식 신상 퀄리티나 높여줘.,#산리오콜라보 #콜라보피로감 #질린다,89,127,5162
쿠로미파,2023-08-16 12:30,색다른 느낌이 없어. 맨날 똑같은 캐릭터에 똑같은 제품군... 좀 신선한 것 좀 해봐.,#산리오콜라보 #콜라보피로감,27,310,4205
다꾸러,2023-08-11 23:44,"산리오랑 화장품 브랜드 콜라보, 패키지가 너무 예뻐서 안 살 수가 없었음.",#산리오콜라보 #스파오산리오 #CU산리오,46,464,7380
산리오콜라보,2023-08-06 21:10,"예전엔 콜라보 소식 뜨면 설렜는데, 이젠 '이번엔 어디야?' 하고 무덤덤해짐.",#산리오콜라보 #콜라보피로감,1282,3790,168234
산리오인기투표,2023-07-15 19:22,산리오 캐릭터 대상 중간 결과 떴다! 내 최애 순위 보고 오열 중...,#산리오캐릭터대상 #산리오총선 #쿠로미,59,396,6117
키덜트,2023-07-15 12:12,이제 산리오 콜라보는 '또 나왔네' 수준... 지갑 열기가 망설여짐.,#산리오콜라보 #콜라보피로감,16,108,3276
산리오카페,2023-07-12 20:07,콜라보를 너무 많이 해서 브랜드 가치가 떨어지는 기분. 전형적인 느낌.,#산리오콜라보 #콜라보피로감,48,236,8588
굿즈수집가,2023-07-12 7:05,갖고 싶은 마음이 상대적으로 줄어든다. 어차피 조금만 기다리면 다른 콜라보 또 할 텐데 뭐.,#산리오콜라보 #콜라보피로감,54,234,8899
쿠로미마이멜로디,2023-07-03 3:01,팝업 카페 포토존 너무 예쁘게 꾸며놔서 인생샷 건지고 옴.,#산리오신상 #산리오팝업,39,378,8218
굿즈수집가,2023-06-25 17:10,"예전엔 콜라보 소식 뜨면 설렜는데, 이젠 '이번엔 어디야?' 하고 무덤덤해짐.",#산리오콜라보 #콜라보피로감,84,255,7991
산리오콜라보,2023-06-24 11:53,롯데리아에서 산리오 키링 받으려고 오랜만에 햄버거 먹었다 ㅋㅋ,#산리오콜라보 #스파오산리오 #CU산리오,28,361,1372
산리오인기투표,2023-06-24 3:40,"신상 마스코트 키링, 발바닥에 젤리까지 구현한 디테일 뭐냐고 ㅠㅠ",#산리오신상 #산리오팝업,60,383,6028
리틀트윈스타,2023-06-11 7:49,"랜덤 아크릴 스탠드, 최애 뽑으려고 5개 샀는데 과연 결과는?",#산리오신상 #산리오팝업,92,236,4601
쿠로미파,2023-06-04 23:02,제품 퀄리티는 신경 안 쓰고 캐릭터 얼굴만 박아서 파는 것 같아 실망스러울 때가 많음.,#산리오콜라보 #콜라보피로감 #질린다,90,155,8686
산리오카페,2023-04-27 8:53,지하철에서 나랑 똑같은 쿠로미 키링 단 사람 발견하고 속으로 내적 친목함.,#산리오일상 #다꾸,88,364,1947
폼폼푸린귀여워,2023-04-06 15:19,산리오 팝업 카페 웨이팅 2시간째... 그래도 신메뉴랑 특전 포카 생각하면 참을 수 있어.,#산리오신상 #산리오팝업 #산리오카페,26,366,8015
산리오인기투표,2023-04-05 17:09,매년 캐릭터 대상 시즌이 제일 재밌는 듯. 팬들끼리 경쟁하는 거 과몰입됨.,#산리오캐릭터대상 #산리오총선 #쿠로미,1048,1231,77247
팝업헌터,2023-04-02 9:58,온라인으로 주문한 신상 파우치 도착! 생각보다 크고 수납도 넉넉해서 만족.,#산리오신상 #산리오팝업 #산리오카페,1360,5447,98278
굿즈수집가,2023-03-25 8:40,팝업 카페 포토존 너무 예쁘게 꾸며놔서 인생샷 건지고 옴.,#산리오신상 #산리오팝업 #산리오카페,20,331,1957
쿠로미단,2023-02-05 5:43,"신상 마스코트 키링, 발바닥에 젤리까지 구현한 디테일 뭐냐고 ㅠㅠ",#산리오신상 #산리오팝업 #산리오카페,31,97,453
다꾸러,2023-02-01 5:59,"산리오 신상 나올 때마다 느끼는 건데, 내 지갑은 왜 하나일까.",#산리오신상 #산리오팝업 #산리오카페,1353,5545,50899
시나모롤1위기원,2023-01-07 7:26,너무 흔해져서 예전만큼 갖고 싶다는 생각이 안 듦. 희소성이 없어졌어.,#산리오콜라보 #콜라보피로감 #질린다,362,5219,76558
굿즈수집가,2025-08-22 11:16,신인 캐릭터 '누룽지' 생각보다 선방하고 있네. 귀엽긴 하지.,#산리오캐릭터대상 #산리오총선,67,82,1292
쿠로미마이멜로디,2025-08-18 16:43,이번에 나온 마법소녀 컨셉 신상 인형 디자인 미쳤다... 파스텔톤 색감 대박.,#산리오신상 #산리오팝업 #산리오카페,87,196,3561
산리오카페,2025-08-17 12:51,또 편의점 콜라보? 디자인만 살짝 바꿔서 계속 내니까 질린다 진짜.,#산리오콜라보 #콜라보피로감 #질린다,96,252,5576
산리오남캐,2025-08-06 4:04,너무 흔해져서 예전만큼 갖고 싶다는 생각이 안 듦. 희소성이 없어졌어.,#산리오콜라보 #콜라보피로감 #질린다,72,308,576
다꾸러,2025-08-05 5:45,"이번 신상 테마, '잠옷 파티'라니... 컨셉 장인들 진짜.",#산리오신상 #산리오팝업 #산리오카페,72,260,7559
산리오덕후,2025-07-24 18:16,온라인으로 주문한 신상 파우치 도착! 생각보다 크고 수납도 넉넉해서 만족.,#산리오신상 #산리오팝업 #산리오카페,21,452,6997
쿠로미단,2025-06-23 20:59,"예전엔 콜라보 소식 뜨면 설렜는데, 이젠 '이번엔 어디야?' 하고 무덤덤해짐.",#산리오콜라보 #콜라보피로감 #질린다,64,343,6069
산리오콜라보,2025-06-14 12:59,이디야 산리오 콜라보 음료 마시고 받은 쿠로미 스트로우... 너무 귀여워서 못 쓰겠어.,#산리오콜라보 #스파오산리오 #CU산리오,38,311,4781
리틀트윈스타,2025-06-14 10:33,산리오 팝업 카페 웨이팅 2시간째... 그래도 신메뉴랑 특전 포카 생각하면 참을 수 있어.,#산리오신상 #산리오팝업 #산리오카페,67,313,8122
마멜파,2025-06-03 23:04,콜라보 소식 뜰 때마다 어떤 제품 나올지 기대하는 재미가 있음.,#산리오콜라보 #스파오산리오,1238,5050,171898
쿠로미파,2025-06-01 17:43,갖고 싶은 마음이 상대적으로 줄어든다. 어차피 조금만 기다리면 다른 콜라보 또 할 텐데 뭐.,#산리오콜라보 #콜라보피로감 #질린다,872,3769,40864
마이멜로디맘,2025-06-01 17:41,요즘 산리오 콜라보 너무 남발하는 거 아니냐... 이제 봐도 별 감흥이 없음.,#산리오콜라보 #콜라보피로감 #질린다,1676,3612,94813
산리오카페,2025-05-12 16:20,롯데리아에서 산리오 키링 받으려고 오랜만에 햄버거 먹었다 ㅋㅋ,#산리오콜라보 #스파오산리오,88,77,7124
팝업헌터,2025-05-03 1:43,그만 좀 물리고 싶다... 차라리 그 시간에 공식 신상 퀄리티나 높여줘.,#산리오콜라보 #콜라보피로감 #질린다,1,357,3570
키덜트,2025-04-29 17:57,"산리오랑 화장품 브랜드 콜라보, 패키지가 너무 예뻐서 안 살 수가 없었음.",#산리오콜라보 #스파오산리오,714,5335,22346
마이멜로디맘,2025-04-25 18:10,폼폼푸린한테 전재산 투표 완료! 제발 TOP3 안에만 들어줘 ㅠㅠ,#산리오캐릭터대상 #산리오총선 #쿠로미,91,351,9648
산리오카페,2025-04-05 5:21,"팝업 한정 굿즈, 오픈런했는데 눈앞에서 품절됨... 허탈하다.",#산리오신상 #산리오팝업,60,123,5311
다꾸러,2025-03-29 15:20,"산리오랑 화장품 브랜드 콜라보, 패키지가 너무 예뻐서 안 살 수가 없었음.",#산리오콜라보 #스파오산리오,46,257,785
리틀트윈스타,2025-03-26 11:37,색다른 느낌이 없어. 맨날 똑같은 캐릭터에 똑같은 제품군... 좀 신선한 것 좀 해봐.,#산리오콜라보 #콜라보피로감,83,238,1754
굿즈수집가,2025-03-12 9:55,지하철에서 나랑 똑같은 쿠로미 키링 단 사람 발견하고 속으로 내적 친목함.,#산리오일상 #다꾸,27,93,1465
산리오인기투표,2025-03-07 1:21,이번에 나온 마법소녀 컨셉 신상 인형 디자인 미쳤다... 파스텔톤 색감 대박.,#산리오신상 #산리오팝업 #산리오카페,51,282,1270
쿠로미마이멜로디,2025-03-06 1:07,갖고 싶은 마음이 상대적으로 줄어든다. 어차피 조금만 기다리면 다른 콜라보 또 할 텐데 뭐.,#산리오콜라보 #콜라보피로감,15,498,3395
쿠로미파,2025-02-26 16:07,콜라보 소식 뜰 때마다 어떤 제품 나올지 기대하는 재미가 있음.,#산리오콜라보 #스파오산리오 #CU산리오,20,97,7281
다꾸러,2025-02-10 10:24,인생네컷 산리오 프레임으로 찍었는데 진짜 귀엽게 나온다. 기간 한정이라 아쉬워.,#산리오콜라보 #스파오산리오 #CU산리오,84,147,9921
쿠로미파,2025-01-27 17:58,스파오랑 산리오 콜라보 잠옷 또 나왔네! 이번엔 시나모롤이다! 당장 사러감.,#산리오콜라보 #스파오산리오,94,264,2621
산리오콜라보,2024-12-29 3:58,이제 산리오 콜라보는 '또 나왔네' 수준... 지갑 열기가 망설여짐.,#산리오콜라보 #콜라보피로감 #질린다,68,189,2583
마멜파,2024-12-28 22:27,스파오랑 산리오 콜라보 잠옷 또 나왔네! 이번엔 시나모롤이다! 당장 사러감.,#산리오콜라보 #스파오산리오 #CU산리오,73,218,8853
다꾸러,2024-12-01 1:51,"이번 신상 테마, '잠옷 파티'라니... 컨셉 장인들 진짜.",#산리오신상 #산리오팝업,1378,2993,133100
시나모롤1위기원,2024-11-15 18:08,이번에 나온 마법소녀 컨셉 신상 인형 디자인 미쳤다... 파스텔톤 색감 대박.,#산리오신상 #산리오팝업,53,46,5667
키덜트,2024-10-21 23:26,이번 콜라보 퀄리티 괜찮네. 캐릭터 프린팅도 선명하고 마감도 좋음.,#산리오콜라보 #스파오산리오,31,340,9379
쿠로미파,2024-10-14 17:23,인생네컷 산리오 프레임으로 찍었는데 진짜 귀엽게 나온다. 기간 한정이라 아쉬워.,#산리오콜라보 #스파오산리오 #CU산리오,25,334,1487
다꾸러,2024-09-22 12:12,"산리오 신상 나올 때마다 느끼는 건데, 내 지갑은 왜 하나일까.",#산리오신상 #산리오팝업 #산리오카페,47,421,2438
산리오덕후,2024-09-02 8:09,요즘 산리오 콜라보 너무 남발하는 거 아니냐... 이제 봐도 별 감흥이 없음.,#산리오콜라보 #콜라보피로감 #질린다,47,210,4100
쿠로미마이멜로디,2024-09-02 3:08,색다른 느낌이 없어. 맨날 똑같은 캐릭터에 똑같은 제품군... 좀 신선한 것 좀 해봐.,#산리오콜라보 #콜라보피로감,70,275,8882
굿즈수집가,2024-08-30 20:33,팝업 카페 포토존 너무 예쁘게 꾸며놔서 인생샷 건지고 옴.,#산리오신상 #산리오팝업 #산리오카페,56,234,2555
산리오콜라보,2024-08-29 0:58,산리오 캐릭터 대상 중간 결과 떴다! 내 최애 순위 보고 오열 중...,#산리오캐릭터대상 #산리오총선 #쿠로미,19,165,10031
쿠로미단,2024-08-27 0:16,또 편의점 콜라보? 디자인만 살짝 바꿔서 계속 내니까 질린다 진짜.,#산리오콜라보 #콜라보피로감 #질린다,7,120,1133
굿즈수집가,2024-08-17 3:14,의외로 한교동 순위가 엄청 높네. 역시 대세는 대세.,#산리오캐릭터대상 #산리오총선 #쿠로미,48,447,8684
폼폼푸린귀여워,2024-08-10 21:29,"신상 마스코트 키링, 발바닥에 젤리까지 구현한 디테일 뭐냐고 ㅠㅠ",#산리오신상 #산리오팝업 #산리오카페,29,472,9423
산리오남캐,2024-07-25 12:34,"팝업 한정 굿즈, 오픈런했는데 눈앞에서 품절됨... 허탈하다.",#산리오신상 #산리오팝업,2,185,9453
리틀트윈스타,2024-06-23 23:31,친구 생일선물로 산리오 인형 사줬는데 너무 좋아해서 뿌듯했다.,#산리오일상 #다꾸 #키덜트그램,57,211,2789
시나모롤1위기원,2024-06-18 13:58,"올해 산리오 캐릭터 대상, 우리 쿠로미 1위 가자! 매일 투표 중.",#산리오캐릭터대상 #산리오총선 #쿠로미,63,213,5015
포차코,2024-06-15 5:48,산리오 팝업 카페 웨이팅 2시간째... 그래도 신메뉴랑 특전 포카 생각하면 참을 수 있어.,#산리오신상 #산리오팝업 #산리오카페,93,220,7190
시나모롤조아,2024-06-10 15:53,친구들이랑 각자 최애캐 투표 인증하기로 함 ㅋㅋ,#산리오캐릭터대상 #산리오총선,49,45,2127
산리오인기투표,2024-06-03 10:03,최애 캐릭터가 콜라보에 포함되면 그렇게 기분이 좋더라.,#산리오콜라보 #스파오산리오 #CU산리오,96,155,5840
쿠로미파,2024-05-31 15:20,콜라보를 너무 많이 해서 브랜드 가치가 떨어지는 기분. 전형적인 느낌.,#산리오콜라보 #콜라보피로감 #질린다,34,187,498
산리오인기투표,2024-05-24 18:30,이디야 산리오 콜라보 음료 마시고 받은 쿠로미 스트로우... 너무 귀여워서 못 쓰겠어.,#산리오콜라보 #스파오산리오,1007,5776,161698
마멜파,2024-05-19 15:41,"예전엔 콜라보 소식 뜨면 설렜는데, 이젠 '이번엔 어디야?' 하고 무덤덤해짐.",#산리오콜라보 #콜라보피로감,44,221,6185
쿠로미파,2024-05-09 10:34,또 편의점 콜라보? 디자인만 살짝 바꿔서 계속 내니까 질린다 진짜.,#산리오콜라보 #콜라보피로감,45,119,7071
굿즈수집가,2024-04-01 6:39,지하철에서 나랑 똑같은 쿠로미 키링 단 사람 발견하고 속으로 내적 친목함.,#산리오일상 #다꾸 #키덜트그램,80,80,2285
산리오남캐,2024-03-24 1:20,제품 퀄리티는 신경 안 쓰고 캐릭터 얼굴만 박아서 파는 것 같아 실망스러울 때가 많음.,#산리오콜라보 #콜라보피로감 #질린다,97,398,1997
산리오인기투표,2024-03-22 13:43,"산리오 신상 나올 때마다 느끼는 건데, 내 지갑은 왜 하나일까.",#산리오신상 #산리오팝업,82,117,6403
마멜파,2024-02-25 3:58,"올해 산리오 캐릭터 대상, 우리 쿠로미 1위 가자! 매일 투표 중.",#산리오캐릭터대상 #산리오총선,57,88,8117
폼폼푸린귀여워,2024-02-22 19:14,온라인으로 주문한 신상 파우치 도착! 생각보다 크고 수납도 넉넉해서 만족.,#산리오신상 #산리오팝업,794,1392,25211
산리오카페,2024-02-11 8:06,스파오랑 산리오 콜라보 잠옷 또 나왔네! 이번엔 시나모롤이다! 당장 사러감.,#산리오콜라보 #스파오산리오,571,3301,115325
산리오덕후,2024-02-04 10:04,이번에 나온 마법소녀 컨셉 신상 인형 디자인 미쳤다... 파스텔톤 색감 대박.,#산리오신상 #산리오팝업,69,291,8363
리틀트윈스타,2024-01-29 15:00,갖고 싶은 마음이 상대적으로 줄어든다. 어차피 조금만 기다리면 다른 콜라보 또 할 텐데 뭐.,#산리오콜라보 #콜라보피로감,86,452,8881
쿠로미마이멜로디,2024-01-23 11:16,"산리오 신상 나올 때마다 느끼는 건데, 내 지갑은 왜 하나일까.",#산리오신상 #산리오팝업 #산리오카페,1683,4027,121103
굿즈수집가,2024-01-22 18:29,역시 공부할 땐 헬로키티 샤프가 최고지. 추억의 아이템.,#산리오일상 #다꾸 #키덜트그램,60,115,984
헬로키티근본,2024-01-22 14:50,오늘의 OOTD: 스파오에서 산 시나모롤 티셔츠.,#산리오일상 #다꾸 #키덜트그램,81,157,7932
다꾸러,2024-01-07 20:14,색다른 느낌이 없어. 맨날 똑같은 캐릭터에 똑같은 제품군... 좀 신선한 것 좀 해봐.,#산리오콜라보 #콜라보피로감 #질린다,41,447,1316
산리오카페,2023-12-14 15:28,제품 퀄리티는 신경 안 쓰고 캐릭터 얼굴만 박아서 파는 것 같아 실망스러울 때가 많음.,#산리오콜라보 #콜라보피로감,35,204,7204
마멜파,2023-12-11 2:57,콜라보 소식 뜰 때마다 어떤 제품 나올지 기대하는 재미가 있음.,#산리오콜라보 #스파오산리오,21,216,4471
마이멜로디맘,2023-12-01 10:46,시나모롤 5연패 할 수 있을까? 올해는 좀 쟁쟁한 듯.,#산리오캐릭터대상 #산리오총선,1765,3972,213025
쿠로미단,2023-11-30 18:55,그만 좀 물리고 싶다... 차라리 그 시간에 공식 신상 퀄리티나 높여줘.,#산리오콜라보 #콜라보피로감 #질린다,66,235,5814
포차코,2023-11-26 6:53,너무 흔해져서 예전만큼 갖고 싶다는 생각이 안 듦. 희소성이 없어졌어.,#산리오콜라보 #콜라보피로감,72,146,6709
폼폼푸린귀여워,2023-11-11 23:13,"산리오 신상 나올 때마다 느끼는 건데, 내 지갑은 왜 하나일까.",#산리오신상 #산리오팝업 #산리오카페,78,260,2846
헬로키티근본,2023-10-21 16:30,요즘 산리오 콜라보 너무 남발하는 거 아니냐... 이제 봐도 별 감흥이 없음.,#산리오콜라보 #콜라보피로감,21,412,2425
굿즈수집가,2023-10-07 16:06,이디야 산리오 콜라보 음료 마시고 받은 쿠로미 스트로우... 너무 귀여워서 못 쓰겠어.,#산리오콜라보 #스파오산리오 #CU산리오,46,278,946
헬로키티근본,2023-10-06 18:17,"산리오랑 화장품 브랜드 콜라보, 패키지가 너무 예뻐서 안 살 수가 없었음.",#산리오콜라보 #스파오산리오 #CU산리오,25,219,1772
산리오콜라보,2023-09-22 17:00,너무 흔해져서 예전만큼 갖고 싶다는 생각이 안 듦. 희소성이 없어졌어.,#산리오콜라보 #콜라보피로감,66,241,3506
쿠로미마이멜로디,2023-09-18 11:36,올해는 제발 포차코가 10위권 안에 들었으면 좋겠다. 우리 강아지 화이팅!,#산리오캐릭터대상 #산리오총선,23,290,9020
굿즈수집가,2023-08-29 21:08,"산리오 신상 나올 때마다 느끼는 건데, 내 지갑은 왜 하나일까.",#산리오신상 #산리오팝업 #산리오카페,67,98,280
산리오콜라보,2023-07-27 10:25,제품 퀄리티는 신경 안 쓰고 캐릭터 얼굴만 박아서 파는 것 같아 실망스러울 때가 많음.,#산리오콜라보 #콜라보피로감 #질린다,9,397,7495
마멜파,2023-07-22 4:41,"랜덤 아크릴 스탠드, 최애 뽑으려고 5개 샀는데 과연 결과는?",#산리오신상 #산리오팝업 #산리오카페,92,246,5331
시나모롤조아,2023-06-22 16:54,"팝업 한정 굿즈, 오픈런했는데 눈앞에서 품절됨... 허탈하다.",#산리오신상 #산리오팝업 #산리오카페,41,444,1538
키덜트,2023-06-08 10:31,최애 캐릭터가 콜라보에 포함되면 그렇게 기분이 좋더라.,#산리오콜라보 #스파오산리오,81,106,4202
다꾸러,2023-06-08 6:23,올해는 제발 포차코가 10위권 안에 들었으면 좋겠다. 우리 강아지 화이팅!,#산리오캐릭터대상 #산리오총선 #쿠로미,73,167,4974
산리오덕후,2023-06-08 3:10,"신상 마스코트 키링, 발바닥에 젤리까지 구현한 디테일 뭐냐고 ㅠㅠ",#산리오신상 #산리오팝업,72,488,4147
산리오카페,2023-06-06 20:14,산리오 팝업 카페 웨이팅 2시간째... 그래도 신메뉴랑 특전 포카 생각하면 참을 수 있어.,#산리오신상 #산리오팝업 #산리오카페,72,457,2970
굿즈수집가,2023-05-22 7:16,요즘 산리오 콜라보 너무 남발하는 거 아니냐... 이제 봐도 별 감흥이 없음.,#산리오콜라보 #콜라보피로감 #질린다,69,481,3385
시나모롤1위기원,2023-05-20 1:03,콜라보를 너무 많이 해서 브랜드 가치가 떨어지는 기분. 전형적인 느낌.,#산리오콜라보 #콜라보피로감,67,261,4905
마이멜로디맘,2023-05-01 18:34,이디야 산리오 콜라보 음료 마시고 받은 쿠로미 스트로우... 너무 귀여워서 못 쓰겠어.,#산리오콜라보 #스파오산리오,770,3620,82306
마이멜로디맘,2023-04-28 9:18,그만 좀 물리고 싶다... 차라리 그 시간에 공식 신상 퀄리티나 높여줘.,#산리오콜라보 #콜라보피로감,59,103,4287
폼폼푸린귀여워,2023-04-24 14:02,콜라보를 너무 많이 해서 브랜드 가치가 떨어지는 기분. 전형적인 느낌.,#산리오콜라보 #콜라보피로감 #질린다,77,291,1615
포차코,2023-04-23 5:39,역시 믿고 사는 산리오 콜라보. 이번에도 디자인 잘 뽑았네.,#산리오콜라보 #스파오산리오,7,106,9106
포차코,2023-04-12 12:39,"팝업 한정 굿즈, 오픈런했는데 눈앞에서 품절됨... 허탈하다.",#산리오신상 #산리오팝업,59,39,7652
쿠로미단,2023-04-11 8:21,산리오 캐릭터 대상 중간 결과 떴다! 내 최애 순위 보고 오열 중...,#산리오캐릭터대상 #산리오총선,48,8,4624
헬로키티근본,2023-04-01 0:08,온라인으로 주문한 신상 파우치 도착! 생각보다 크고 수납도 넉넉해서 만족.,#산리오신상 #산리오팝업,16,350,1771
쿠로미단,2023-03-28 6:45,"홍대 산리오 팝업스토어, 이번 주말에 사람 터질 것 같은데 평일에 가야겠다.",#산리오신상 #산리오팝업,57,76,7870
키덜트,2023-03-26 0:16,"랜덤 아크릴 스탠드, 최애 뽑으려고 5개 샀는데 과연 결과는?",#산리오신상 #산리오팝업,4,228,1164
포차코,2023-03-21 4:41,또 편의점 콜라보? 디자인만 살짝 바꿔서 계속 내니까 질린다 진짜.,#산리오콜라보 #콜라보피로감,91,435,1643
쿠로미파,2023-03-20 13:17,이번에 나온 마법소녀 컨셉 신상 인형 디자인 미쳤다... 파스텔톤 색감 대박.,#산리오신상 #산리오팝업 #산리오카페,711,1499,109936
마이멜로디맘,2023-03-10 17:34,"신상 마스코트 키링, 발바닥에 젤리까지 구현한 디테일 뭐냐고 ㅠㅠ",#산리오신상 #산리오팝업 #산리오카페,23,462,8341
산리오남캐,2023-02-20 21:19,너무 흔해져서 예전만큼 갖고 싶다는 생각이 안 듦. 희소성이 없어졌어.,#산리오콜라보 #콜라보피로감 #질린다,1134,5956,97123
산리오남캐,2023-02-04 23:24,"이번 신상 테마, '잠옷 파티'라니... 컨셉 장인들 진짜.",#산리오신상 #산리오팝업 #산리오카페,36,50,8143
산리오카페,2023-01-30 9:11,제품 퀄리티는 신경 안 쓰고 캐릭터 얼굴만 박아서 파는 것 같아 실망스러울 때가 많음.,#산리오콜라보 #콜라보피로감,42,302,4359
시나모롤1위기원,2023-01-24 2:54,색다른 느낌이 없어. 맨날 똑같은 캐릭터에 똑같은 제품군... 좀 신선한 것 좀 해봐.,#산리오콜라보 #콜라보피로감,1708,2014,64809
포차코,2023-01-22 19:36,매년 캐릭터 대상 시즌이 제일 재밌는 듯. 팬들끼리 경쟁하는 거 과몰입됨.,#산리오캐릭터대상 #산리오총선,19,155,4143
쿠로미마이멜로디,2023-01-16 9:34,이제 산리오 콜라보는 '또 나왔네' 수준... 지갑 열기가 망설여짐.,#산리오콜라보 #콜라보피로감 #질린다,1652,4729,112352
